client_id,path,sentence,up_votes,down_votes,age,gender,accents,variant,locale,segment
bb99c0461bef56ce3ce86b249c3c08535a13f40084a6960c83cd1f6a122d3637d8d44b0aa4d0c5d0bf9eff39d77bf22d329dc0d0b0924aa3ae0af763e3c0e23f,common_voice_vi_25257405.mp3,với Sự thật không thể chối cãi,2,0,teens,female,,,vi,
bb99c0461bef56ce3ce86b249c3c08535a13f40084a6960c83cd1f6a122d3637d8d44b0aa4d0c5d0bf9eff39d77bf22d329dc0d0b0924aa3ae0af763e3c0e23f,common_voice_vi_25257416.mp3,con chào bố,2,0,teens,female,,,vi,
bb99c0461bef56ce3ce86b249c3c08535a13f40084a6960c83cd1f6a122d3637d8d44b0aa4d0c5d0bf9eff39d77bf22d329dc0d0b0924aa3ae0af763e3c0e23f,common_voice_vi_25257423.mp3,Xem thêm các bài thơ khác:,2,1,teens,female,,,vi,
bb99c0461bef56ce3ce86b249c3c08535a13f40084a6960c83cd1f6a122d3637d8d44b0aa4d0c5d0bf9eff39d77bf22d329dc0d0b0924aa3ae0af763e3c0e23f,common_voice_vi_25257430.mp3,Đêm nay trăng sáng,2,0,teens,female,,,vi,
bb99c0461bef56ce3ce86b249c3c08535a13f40084a6960c83cd1f6a122d3637d8d44b0aa4d0c5d0bf9eff39d77bf22d329dc0d0b0924aa3ae0af763e3c0e23f,common_voice_vi_25257438.mp3,chỉ với một suy nghĩ mà Trinh đã gián tiếp giết người,2,0,teens,female,,,vi,
bb99c0461bef56ce3ce86b249c3c08535a13f40084a6960c83cd1f6a122d3637d8d44b0aa4d0c5d0bf9eff39d77bf22d329dc0d0b0924aa3ae0af763e3c0e23f,common_voice_vi_25257439.mp3,Thật thà là cha dại.,2,0,teens,female,,,vi,
bb99c0461bef56ce3ce86b249c3c08535a13f40084a6960c83cd1f6a122d3637d8d44b0aa4d0c5d0bf9eff39d77bf22d329dc0d0b0924aa3ae0af763e3c0e23f,common_voice_vi_25257443.mp3,Hai hàng mi khép dần lại được quân vào giấc ngủ miên man,2,0,teens,female,,,vi,
bb99c0461bef56ce3ce86b249c3c08535a13f40084a6960c83cd1f6a122d3637d8d44b0aa4d0c5d0bf9eff39d77bf22d329dc0d0b0924aa3ae0af763e3c0e23f,common_voice_vi_25257447.mp3,Tưởng niệm,2,0,teens,female,,,vi,
bb99c0461bef56ce3ce86b249c3c08535a13f40084a6960c83cd1f6a122d3637d8d44b0aa4d0c5d0bf9eff39d77bf22d329dc0d0b0924aa3ae0af763e3c0e23f,common_voice_vi_25257448.mp3,Cô rên nhẹ,2,0,teens,female,,,vi,
bb99c0461bef56ce3ce86b249c3c08535a13f40084a6960c83cd1f6a122d3637d8d44b0aa4d0c5d0bf9eff39d77bf22d329dc0d0b0924aa3ae0af763e3c0e23f,common_voice_vi_25257451.mp3,Gió cứ thổi triền miên,2,0,teens,female,,,vi,
bb99c0461bef56ce3ce86b249c3c08535a13f40084a6960c83cd1f6a122d3637d8d44b0aa4d0c5d0bf9eff39d77bf22d329dc0d0b0924aa3ae0af763e3c0e23f,common_voice_vi_25257467.mp3,Sau khi vệ sinh cá nhân xong xuôi,2,0,teens,female,,,vi,
bb99c0461bef56ce3ce86b249c3c08535a13f40084a6960c83cd1f6a122d3637d8d44b0aa4d0c5d0bf9eff39d77bf22d329dc0d0b0924aa3ae0af763e3c0e23f,common_voice_vi_25257469.mp3,mẹ em liền nói,2,0,teens,female,,,vi,
bb99c0461bef56ce3ce86b249c3c08535a13f40084a6960c83cd1f6a122d3637d8d44b0aa4d0c5d0bf9eff39d77bf22d329dc0d0b0924aa3ae0af763e3c0e23f,common_voice_vi_25257475.mp3,nó không chống đỡ được thì họa lớn sẽ ập đến,2,1,teens,female,,,vi,
bb99c0461bef56ce3ce86b249c3c08535a13f40084a6960c83cd1f6a122d3637d8d44b0aa4d0c5d0bf9eff39d77bf22d329dc0d0b0924aa3ae0af763e3c0e23f,common_voice_vi_25257479.mp3,trông ngon thật đấy,2,0,teens,female,,,vi,
bb99c0461bef56ce3ce86b249c3c08535a13f40084a6960c83cd1f6a122d3637d8d44b0aa4d0c5d0bf9eff39d77bf22d329dc0d0b0924aa3ae0af763e3c0e23f,common_voice_vi_25257481.mp3,hãy làm bài tập,2,1,teens,female,,,vi,
bb99c0461bef56ce3ce86b249c3c08535a13f40084a6960c83cd1f6a122d3637d8d44b0aa4d0c5d0bf9eff39d77bf22d329dc0d0b0924aa3ae0af763e3c0e23f,common_voice_vi_25257487.mp3,cho nên hiện tượng này cũng không có gì lạ,2,1,teens,female,,,vi,
bb99c0461bef56ce3ce86b249c3c08535a13f40084a6960c83cd1f6a122d3637d8d44b0aa4d0c5d0bf9eff39d77bf22d329dc0d0b0924aa3ae0af763e3c0e23f,common_voice_vi_25257488.mp3,Em đứng lặng mắt nhìn ai không nói,2,1,teens,female,,,vi,
bb99c0461bef56ce3ce86b249c3c08535a13f40084a6960c83cd1f6a122d3637d8d44b0aa4d0c5d0bf9eff39d77bf22d329dc0d0b0924aa3ae0af763e3c0e23f,common_voice_vi_25257499.mp3,để không mơ mộng lung tung nữa,2,0,teens,female,,,vi,
bb99c0461bef56ce3ce86b249c3c08535a13f40084a6960c83cd1f6a122d3637d8d44b0aa4d0c5d0bf9eff39d77bf22d329dc0d0b0924aa3ae0af763e3c0e23f,common_voice_vi_25257502.mp3,Dứt lời Hà mở cửa bước ra bên ngoài,2,0,teens,female,,,vi,
bb99c0461bef56ce3ce86b249c3c08535a13f40084a6960c83cd1f6a122d3637d8d44b0aa4d0c5d0bf9eff39d77bf22d329dc0d0b0924aa3ae0af763e3c0e23f,common_voice_vi_25257503.mp3,Bà ấy đây,2,0,teens,female,,,vi,
bb99c0461bef56ce3ce86b249c3c08535a13f40084a6960c83cd1f6a122d3637d8d44b0aa4d0c5d0bf9eff39d77bf22d329dc0d0b0924aa3ae0af763e3c0e23f,common_voice_vi_25257509.mp3,Trình tự hỏi,2,0,teens,female,,,vi,
bb99c0461bef56ce3ce86b249c3c08535a13f40084a6960c83cd1f6a122d3637d8d44b0aa4d0c5d0bf9eff39d77bf22d329dc0d0b0924aa3ae0af763e3c0e23f,common_voice_vi_25257510.mp3,Hơi thở của chị Mỗi lúc một gấp gáp,2,0,teens,female,,,vi,
bb99c0461bef56ce3ce86b249c3c08535a13f40084a6960c83cd1f6a122d3637d8d44b0aa4d0c5d0bf9eff39d77bf22d329dc0d0b0924aa3ae0af763e3c0e23f,common_voice_vi_25257515.mp3,Thầy nên đi nghỉ ngơi một lát,2,0,teens,female,,,vi,
bb99c0461bef56ce3ce86b249c3c08535a13f40084a6960c83cd1f6a122d3637d8d44b0aa4d0c5d0bf9eff39d77bf22d329dc0d0b0924aa3ae0af763e3c0e23f,common_voice_vi_25257537.mp3,nhưng mà các thầy không gọi ra được,2,0,teens,female,,,vi,
bb99c0461bef56ce3ce86b249c3c08535a13f40084a6960c83cd1f6a122d3637d8d44b0aa4d0c5d0bf9eff39d77bf22d329dc0d0b0924aa3ae0af763e3c0e23f,common_voice_vi_25257540.mp3,Điện thoại Trinh gửi báo có tin nhắn,2,0,teens,female,,,vi,
bb99c0461bef56ce3ce86b249c3c08535a13f40084a6960c83cd1f6a122d3637d8d44b0aa4d0c5d0bf9eff39d77bf22d329dc0d0b0924aa3ae0af763e3c0e23f,common_voice_vi_25257553.mp3,bà lấy nén hương lên bàn thờ của ông,2,0,teens,female,,,vi,
bb99c0461bef56ce3ce86b249c3c08535a13f40084a6960c83cd1f6a122d3637d8d44b0aa4d0c5d0bf9eff39d77bf22d329dc0d0b0924aa3ae0af763e3c0e23f,common_voice_vi_25257554.mp3,Nhưng mà hôm nay hộp sữa có cắm ống mút kia,2,0,teens,female,,,vi,
bb99c0461bef56ce3ce86b249c3c08535a13f40084a6960c83cd1f6a122d3637d8d44b0aa4d0c5d0bf9eff39d77bf22d329dc0d0b0924aa3ae0af763e3c0e23f,common_voice_vi_25257556.mp3,Viết về Hồ Chí Minh,2,0,teens,female,,,vi,
bb99c0461bef56ce3ce86b249c3c08535a13f40084a6960c83cd1f6a122d3637d8d44b0aa4d0c5d0bf9eff39d77bf22d329dc0d0b0924aa3ae0af763e3c0e23f,common_voice_vi_25257560.mp3,Bật ngay dậy rồi bước nhanh vào trong nhà,2,0,teens,female,,,vi,
bb99c0461bef56ce3ce86b249c3c08535a13f40084a6960c83cd1f6a122d3637d8d44b0aa4d0c5d0bf9eff39d77bf22d329dc0d0b0924aa3ae0af763e3c0e23f,common_voice_vi_25257568.mp3,Thế mà bây giờ nhà riêng,2,0,teens,female,,,vi,
bb99c0461bef56ce3ce86b249c3c08535a13f40084a6960c83cd1f6a122d3637d8d44b0aa4d0c5d0bf9eff39d77bf22d329dc0d0b0924aa3ae0af763e3c0e23f,common_voice_vi_25257571.mp3,Ngày mai anh cũng sẽ đem tro cốt của mẹ lên chùa Bồ Đề,2,0,teens,female,,,vi,
bb99c0461bef56ce3ce86b249c3c08535a13f40084a6960c83cd1f6a122d3637d8d44b0aa4d0c5d0bf9eff39d77bf22d329dc0d0b0924aa3ae0af763e3c0e23f,common_voice_vi_25257597.mp3,Có nỗi đau nào khiến nước mắt cạn khô,2,0,teens,female,,,vi,
bb99c0461bef56ce3ce86b249c3c08535a13f40084a6960c83cd1f6a122d3637d8d44b0aa4d0c5d0bf9eff39d77bf22d329dc0d0b0924aa3ae0af763e3c0e23f,common_voice_vi_25257605.mp3,Nếu không sớm giải quyết được chuyện này,2,0,teens,female,,,vi,
bb99c0461bef56ce3ce86b249c3c08535a13f40084a6960c83cd1f6a122d3637d8d44b0aa4d0c5d0bf9eff39d77bf22d329dc0d0b0924aa3ae0af763e3c0e23f,common_voice_vi_25257609.mp3,Vẫn thấy thật vui,2,0,teens,female,,,vi,
bb99c0461bef56ce3ce86b249c3c08535a13f40084a6960c83cd1f6a122d3637d8d44b0aa4d0c5d0bf9eff39d77bf22d329dc0d0b0924aa3ae0af763e3c0e23f,common_voice_vi_25257612.mp3,mẹ em rối rít nói,2,0,teens,female,,,vi,
bb99c0461bef56ce3ce86b249c3c08535a13f40084a6960c83cd1f6a122d3637d8d44b0aa4d0c5d0bf9eff39d77bf22d329dc0d0b0924aa3ae0af763e3c0e23f,common_voice_vi_25257613.mp3,Nó vùng dậy,2,0,teens,female,,,vi,
bb99c0461bef56ce3ce86b249c3c08535a13f40084a6960c83cd1f6a122d3637d8d44b0aa4d0c5d0bf9eff39d77bf22d329dc0d0b0924aa3ae0af763e3c0e23f,common_voice_vi_25257633.mp3,con yêu bố mẹ,2,0,teens,female,,,vi,
bb99c0461bef56ce3ce86b249c3c08535a13f40084a6960c83cd1f6a122d3637d8d44b0aa4d0c5d0bf9eff39d77bf22d329dc0d0b0924aa3ae0af763e3c0e23f,common_voice_vi_25257636.mp3,Mẹ em khóc lóc ôm lấy em,2,0,teens,female,,,vi,
bb99c0461bef56ce3ce86b249c3c08535a13f40084a6960c83cd1f6a122d3637d8d44b0aa4d0c5d0bf9eff39d77bf22d329dc0d0b0924aa3ae0af763e3c0e23f,common_voice_vi_25257644.mp3,Vậy kumanthong là cái gì,2,0,teens,female,,,vi,
bb99c0461bef56ce3ce86b249c3c08535a13f40084a6960c83cd1f6a122d3637d8d44b0aa4d0c5d0bf9eff39d77bf22d329dc0d0b0924aa3ae0af763e3c0e23f,common_voice_vi_25257657.mp3,Đằng này khổ thân con Thảo quá,2,0,teens,female,,,vi,
bb99c0461bef56ce3ce86b249c3c08535a13f40084a6960c83cd1f6a122d3637d8d44b0aa4d0c5d0bf9eff39d77bf22d329dc0d0b0924aa3ae0af763e3c0e23f,common_voice_vi_25257663.mp3,Bố bảo để bố về nhưng mẹ không chịu,2,1,teens,female,,,vi,
bb99c0461bef56ce3ce86b249c3c08535a13f40084a6960c83cd1f6a122d3637d8d44b0aa4d0c5d0bf9eff39d77bf22d329dc0d0b0924aa3ae0af763e3c0e23f,common_voice_vi_25257676.mp3,Vậy tụi mình hẹn dịp khác,2,0,teens,female,,,vi,
bb99c0461bef56ce3ce86b249c3c08535a13f40084a6960c83cd1f6a122d3637d8d44b0aa4d0c5d0bf9eff39d77bf22d329dc0d0b0924aa3ae0af763e3c0e23f,common_voice_vi_25257677.mp3,Tai nghe sản xuất bản năng mách bảo chính không nên đi xuống,2,1,teens,female,,,vi,
bb99c0461bef56ce3ce86b249c3c08535a13f40084a6960c83cd1f6a122d3637d8d44b0aa4d0c5d0bf9eff39d77bf22d329dc0d0b0924aa3ae0af763e3c0e23f,common_voice_vi_25257680.mp3,Về nhà tối đó mẹ có kể lại câu chuyện cho bố nghe,2,0,teens,female,,,vi,
bb99c0461bef56ce3ce86b249c3c08535a13f40084a6960c83cd1f6a122d3637d8d44b0aa4d0c5d0bf9eff39d77bf22d329dc0d0b0924aa3ae0af763e3c0e23f,common_voice_vi_25257713.mp3,Chinh nghĩ bây giờ dù có kumanthong Giúp đỡ hay không,2,0,teens,female,,,vi,
bb99c0461bef56ce3ce86b249c3c08535a13f40084a6960c83cd1f6a122d3637d8d44b0aa4d0c5d0bf9eff39d77bf22d329dc0d0b0924aa3ae0af763e3c0e23f,common_voice_vi_25257715.mp3,Em giật mình nói,2,0,teens,female,,,vi,
bb99c0461bef56ce3ce86b249c3c08535a13f40084a6960c83cd1f6a122d3637d8d44b0aa4d0c5d0bf9eff39d77bf22d329dc0d0b0924aa3ae0af763e3c0e23f,common_voice_vi_25257745.mp3,Bà chỉ thắp mấy nén hương rồi đọc lẩm bẩm những câu gì đó,2,0,teens,female,,,vi,
bb99c0461bef56ce3ce86b249c3c08535a13f40084a6960c83cd1f6a122d3637d8d44b0aa4d0c5d0bf9eff39d77bf22d329dc0d0b0924aa3ae0af763e3c0e23f,common_voice_vi_25257750.mp3,Dứt lời quân vào trong xe rồi lái đi mất,2,0,teens,female,,,vi,
bb99c0461bef56ce3ce86b249c3c08535a13f40084a6960c83cd1f6a122d3637d8d44b0aa4d0c5d0bf9eff39d77bf22d329dc0d0b0924aa3ae0af763e3c0e23f,common_voice_vi_25257752.mp3,Đó là vào lúc nửa đêm trinh phải cho kuman ăn,2,0,teens,female,,,vi,
bb99c0461bef56ce3ce86b249c3c08535a13f40084a6960c83cd1f6a122d3637d8d44b0aa4d0c5d0bf9eff39d77bf22d329dc0d0b0924aa3ae0af763e3c0e23f,common_voice_vi_25257753.mp3,Như chùm hoa mở cánh trước hiên nhà,2,0,teens,female,,,vi,
bb99c0461bef56ce3ce86b249c3c08535a13f40084a6960c83cd1f6a122d3637d8d44b0aa4d0c5d0bf9eff39d77bf22d329dc0d0b0924aa3ae0af763e3c0e23f,common_voice_vi_25257754.mp3,Bình thường sẽ về được,2,0,teens,female,,,vi,
bb99c0461bef56ce3ce86b249c3c08535a13f40084a6960c83cd1f6a122d3637d8d44b0aa4d0c5d0bf9eff39d77bf22d329dc0d0b0924aa3ae0af763e3c0e23f,common_voice_vi_25257755.mp3,Anh ta bị trúng gió Chắc rồi,2,0,teens,female,,,vi,
bb99c0461bef56ce3ce86b249c3c08535a13f40084a6960c83cd1f6a122d3637d8d44b0aa4d0c5d0bf9eff39d77bf22d329dc0d0b0924aa3ae0af763e3c0e23f,common_voice_vi_25257769.mp3,hơn nữa bà ấy cũng có nói lấy tiền của nhà mình đâu,2,0,teens,female,,,vi,
bb99c0461bef56ce3ce86b249c3c08535a13f40084a6960c83cd1f6a122d3637d8d44b0aa4d0c5d0bf9eff39d77bf22d329dc0d0b0924aa3ae0af763e3c0e23f,common_voice_vi_25257774.mp3,hơn mười hai giờ đêm rồi,2,0,teens,female,,,vi,
bb99c0461bef56ce3ce86b249c3c08535a13f40084a6960c83cd1f6a122d3637d8d44b0aa4d0c5d0bf9eff39d77bf22d329dc0d0b0924aa3ae0af763e3c0e23f,common_voice_vi_25257793.mp3,Nhưng hà ni vẫn không một chút lo lắng Đáp Nhanh,2,0,teens,female,,,vi,
bb99c0461bef56ce3ce86b249c3c08535a13f40084a6960c83cd1f6a122d3637d8d44b0aa4d0c5d0bf9eff39d77bf22d329dc0d0b0924aa3ae0af763e3c0e23f,common_voice_vi_25257795.mp3,Con đầu lòng nắm,2,0,teens,female,,,vi,
bb99c0461bef56ce3ce86b249c3c08535a13f40084a6960c83cd1f6a122d3637d8d44b0aa4d0c5d0bf9eff39d77bf22d329dc0d0b0924aa3ae0af763e3c0e23f,common_voice_vi_25257817.mp3,Sao khi trở lại anh cũng leo lên nằm chung,2,0,teens,female,,,vi,
bb99c0461bef56ce3ce86b249c3c08535a13f40084a6960c83cd1f6a122d3637d8d44b0aa4d0c5d0bf9eff39d77bf22d329dc0d0b0924aa3ae0af763e3c0e23f,common_voice_vi_25257833.mp3,Hai đôi mắt ấy,2,0,teens,female,,,vi,
bb99c0461bef56ce3ce86b249c3c08535a13f40084a6960c83cd1f6a122d3637d8d44b0aa4d0c5d0bf9eff39d77bf22d329dc0d0b0924aa3ae0af763e3c0e23f,common_voice_vi_25257846.mp3,Ngoài cầu tài lộc may mắn ra,2,0,teens,female,,,vi,
bb99c0461bef56ce3ce86b249c3c08535a13f40084a6960c83cd1f6a122d3637d8d44b0aa4d0c5d0bf9eff39d77bf22d329dc0d0b0924aa3ae0af763e3c0e23f,common_voice_vi_25257849.mp3,Mặt trời nhấp nhô qua ngọn núi,2,0,teens,female,,,vi,
bb99c0461bef56ce3ce86b249c3c08535a13f40084a6960c83cd1f6a122d3637d8d44b0aa4d0c5d0bf9eff39d77bf22d329dc0d0b0924aa3ae0af763e3c0e23f,common_voice_vi_25257851.mp3,Không thích chạy ra một giọt nước nào vào cốc cả,2,0,teens,female,,,vi,
bb99c0461bef56ce3ce86b249c3c08535a13f40084a6960c83cd1f6a122d3637d8d44b0aa4d0c5d0bf9eff39d77bf22d329dc0d0b0924aa3ae0af763e3c0e23f,common_voice_vi_25257854.mp3,nên là nó theo con gái của tôi,2,0,teens,female,,,vi,
bb99c0461bef56ce3ce86b249c3c08535a13f40084a6960c83cd1f6a122d3637d8d44b0aa4d0c5d0bf9eff39d77bf22d329dc0d0b0924aa3ae0af763e3c0e23f,common_voice_vi_25257855.mp3,Đôi mắt của ta chống sâu nhìn thẳng vào đôi mắt của Trinh,2,0,teens,female,,,vi,
bb99c0461bef56ce3ce86b249c3c08535a13f40084a6960c83cd1f6a122d3637d8d44b0aa4d0c5d0bf9eff39d77bf22d329dc0d0b0924aa3ae0af763e3c0e23f,common_voice_vi_25257856.mp3,Mẹ ơi mẹ đi đâu rồi,2,0,teens,female,,,vi,
bb99c0461bef56ce3ce86b249c3c08535a13f40084a6960c83cd1f6a122d3637d8d44b0aa4d0c5d0bf9eff39d77bf22d329dc0d0b0924aa3ae0af763e3c0e23f,common_voice_vi_25257861.mp3,đem lại khổ đau,2,0,teens,female,,,vi,
bb99c0461bef56ce3ce86b249c3c08535a13f40084a6960c83cd1f6a122d3637d8d44b0aa4d0c5d0bf9eff39d77bf22d329dc0d0b0924aa3ae0af763e3c0e23f,common_voice_vi_25257891.mp3,đẹp hơn cô tiên,2,0,teens,female,,,vi,
bb99c0461bef56ce3ce86b249c3c08535a13f40084a6960c83cd1f6a122d3637d8d44b0aa4d0c5d0bf9eff39d77bf22d329dc0d0b0924aa3ae0af763e3c0e23f,common_voice_vi_25257909.mp3,em run rẩy hỏi lại,2,0,teens,female,,,vi,
bb99c0461bef56ce3ce86b249c3c08535a13f40084a6960c83cd1f6a122d3637d8d44b0aa4d0c5d0bf9eff39d77bf22d329dc0d0b0924aa3ae0af763e3c0e23f,common_voice_vi_25257919.mp3,Tiền vào quan như than vào lò,2,0,teens,female,,,vi,
bb99c0461bef56ce3ce86b249c3c08535a13f40084a6960c83cd1f6a122d3637d8d44b0aa4d0c5d0bf9eff39d77bf22d329dc0d0b0924aa3ae0af763e3c0e23f,common_voice_vi_25257972.mp3,Có đúng là như vậy không,2,0,teens,female,,,vi,
bb99c0461bef56ce3ce86b249c3c08535a13f40084a6960c83cd1f6a122d3637d8d44b0aa4d0c5d0bf9eff39d77bf22d329dc0d0b0924aa3ae0af763e3c0e23f,common_voice_vi_25257990.mp3,Nhưng rồi Trinh lại cảm thấy sợ,2,0,teens,female,,,vi,
bb99c0461bef56ce3ce86b249c3c08535a13f40084a6960c83cd1f6a122d3637d8d44b0aa4d0c5d0bf9eff39d77bf22d329dc0d0b0924aa3ae0af763e3c0e23f,common_voice_vi_25257996.mp3,Ta viết tiếp dạ khúc Mưa hiu hắt,2,0,teens,female,,,vi,
bb99c0461bef56ce3ce86b249c3c08535a13f40084a6960c83cd1f6a122d3637d8d44b0aa4d0c5d0bf9eff39d77bf22d329dc0d0b0924aa3ae0af763e3c0e23f,common_voice_vi_25258024.mp3,Mình muốn có được anh ấy,2,0,teens,female,,,vi,
bb99c0461bef56ce3ce86b249c3c08535a13f40084a6960c83cd1f6a122d3637d8d44b0aa4d0c5d0bf9eff39d77bf22d329dc0d0b0924aa3ae0af763e3c0e23f,common_voice_vi_25258061.mp3,Chinh ngồi trên xe để chờ đợi,2,0,teens,female,,,vi,
bb99c0461bef56ce3ce86b249c3c08535a13f40084a6960c83cd1f6a122d3637d8d44b0aa4d0c5d0bf9eff39d77bf22d329dc0d0b0924aa3ae0af763e3c0e23f,common_voice_vi_25258082.mp3,nên không theo về nhà,2,0,teens,female,,,vi,
bb99c0461bef56ce3ce86b249c3c08535a13f40084a6960c83cd1f6a122d3637d8d44b0aa4d0c5d0bf9eff39d77bf22d329dc0d0b0924aa3ae0af763e3c0e23f,common_voice_vi_25258091.mp3,Tuổi trên dưới bốn mươi,2,0,teens,female,,,vi,
bb99c0461bef56ce3ce86b249c3c08535a13f40084a6960c83cd1f6a122d3637d8d44b0aa4d0c5d0bf9eff39d77bf22d329dc0d0b0924aa3ae0af763e3c0e23f,common_voice_vi_25258093.mp3,Rất vui khi được gặp lại quý vị trong buổi tối ngày hôm nay,2,0,teens,female,,,vi,
bb99c0461bef56ce3ce86b249c3c08535a13f40084a6960c83cd1f6a122d3637d8d44b0aa4d0c5d0bf9eff39d77bf22d329dc0d0b0924aa3ae0af763e3c0e23f,common_voice_vi_25258095.mp3,Cùng lúc đó trình vội buông quân ra rồi lùi lại phía sau,2,0,teens,female,,,vi,
bb99c0461bef56ce3ce86b249c3c08535a13f40084a6960c83cd1f6a122d3637d8d44b0aa4d0c5d0bf9eff39d77bf22d329dc0d0b0924aa3ae0af763e3c0e23f,common_voice_vi_25258097.mp3,Trinh vội xua tay,2,0,teens,female,,,vi,
bb99c0461bef56ce3ce86b249c3c08535a13f40084a6960c83cd1f6a122d3637d8d44b0aa4d0c5d0bf9eff39d77bf22d329dc0d0b0924aa3ae0af763e3c0e23f,common_voice_vi_25258110.mp3,Luôn dành cho con,2,0,teens,female,,,vi,
bb99c0461bef56ce3ce86b249c3c08535a13f40084a6960c83cd1f6a122d3637d8d44b0aa4d0c5d0bf9eff39d77bf22d329dc0d0b0924aa3ae0af763e3c0e23f,common_voice_vi_25258139.mp3,Anh bị sao vậy,2,0,teens,female,,,vi,
bb99c0461bef56ce3ce86b249c3c08535a13f40084a6960c83cd1f6a122d3637d8d44b0aa4d0c5d0bf9eff39d77bf22d329dc0d0b0924aa3ae0af763e3c0e23f,common_voice_vi_25258218.mp3,Nhiều khi chỉ cần có một khách ngồi nói chuyện,2,0,teens,female,,,vi,
bb99c0461bef56ce3ce86b249c3c08535a13f40084a6960c83cd1f6a122d3637d8d44b0aa4d0c5d0bf9eff39d77bf22d329dc0d0b0924aa3ae0af763e3c0e23f,common_voice_vi_25258236.mp3,Bố em biết nói,2,0,teens,female,,,vi,
bb99c0461bef56ce3ce86b249c3c08535a13f40084a6960c83cd1f6a122d3637d8d44b0aa4d0c5d0bf9eff39d77bf22d329dc0d0b0924aa3ae0af763e3c0e23f,common_voice_vi_25258307.mp3,Đúng như lời của song trai đã nói,2,0,teens,female,,,vi,
bb99c0461bef56ce3ce86b249c3c08535a13f40084a6960c83cd1f6a122d3637d8d44b0aa4d0c5d0bf9eff39d77bf22d329dc0d0b0924aa3ae0af763e3c0e23f,common_voice_vi_25258315.mp3,Theo cơn mưa bay buồn,2,0,teens,female,,,vi,
bb99c0461bef56ce3ce86b249c3c08535a13f40084a6960c83cd1f6a122d3637d8d44b0aa4d0c5d0bf9eff39d77bf22d329dc0d0b0924aa3ae0af763e3c0e23f,common_voice_vi_25258336.mp3,Nói rằng mười hai giờ đêm nay,2,0,teens,female,,,vi,
bb99c0461bef56ce3ce86b249c3c08535a13f40084a6960c83cd1f6a122d3637d8d44b0aa4d0c5d0bf9eff39d77bf22d329dc0d0b0924aa3ae0af763e3c0e23f,common_voice_vi_25258409.mp3,Tất cả đối với tôi đều rất đẹp,2,0,teens,female,,,vi,
bb99c0461bef56ce3ce86b249c3c08535a13f40084a6960c83cd1f6a122d3637d8d44b0aa4d0c5d0bf9eff39d77bf22d329dc0d0b0924aa3ae0af763e3c0e23f,common_voice_vi_25258473.mp3,Muôn vật cần mưa,2,0,teens,female,,,vi,
bb99c0461bef56ce3ce86b249c3c08535a13f40084a6960c83cd1f6a122d3637d8d44b0aa4d0c5d0bf9eff39d77bf22d329dc0d0b0924aa3ae0af763e3c0e23f,common_voice_vi_25258476.mp3,Ảnh Quân,2,0,teens,female,,,vi,
bb99c0461bef56ce3ce86b249c3c08535a13f40084a6960c83cd1f6a122d3637d8d44b0aa4d0c5d0bf9eff39d77bf22d329dc0d0b0924aa3ae0af763e3c0e23f,common_voice_vi_25258485.mp3,và mong được gặp bà thầy ấy nói chuyện,2,0,teens,female,,,vi,
bb99c0461bef56ce3ce86b249c3c08535a13f40084a6960c83cd1f6a122d3637d8d44b0aa4d0c5d0bf9eff39d77bf22d329dc0d0b0924aa3ae0af763e3c0e23f,common_voice_vi_25258555.mp3,Hiếm có trên đời này,2,0,teens,female,,,vi,
bb99c0461bef56ce3ce86b249c3c08535a13f40084a6960c83cd1f6a122d3637d8d44b0aa4d0c5d0bf9eff39d77bf22d329dc0d0b0924aa3ae0af763e3c0e23f,common_voice_vi_25258591.mp3,Nhân đôi niềm cô đơn,2,0,teens,female,,,vi,
bb99c0461bef56ce3ce86b249c3c08535a13f40084a6960c83cd1f6a122d3637d8d44b0aa4d0c5d0bf9eff39d77bf22d329dc0d0b0924aa3ae0af763e3c0e23f,common_voice_vi_25258614.mp3,Tôi muốn môi cô chỉ mỉm cười,2,0,teens,female,,,vi,
bb99c0461bef56ce3ce86b249c3c08535a13f40084a6960c83cd1f6a122d3637d8d44b0aa4d0c5d0bf9eff39d77bf22d329dc0d0b0924aa3ae0af763e3c0e23f,common_voice_vi_25258636.mp3,cô bạn còn lại liền đáp,2,0,teens,female,,,vi,
bb99c0461bef56ce3ce86b249c3c08535a13f40084a6960c83cd1f6a122d3637d8d44b0aa4d0c5d0bf9eff39d77bf22d329dc0d0b0924aa3ae0af763e3c0e23f,common_voice_vi_25258663.mp3,quan họ bắc ninh,2,0,teens,female,,,vi,
bb99c0461bef56ce3ce86b249c3c08535a13f40084a6960c83cd1f6a122d3637d8d44b0aa4d0c5d0bf9eff39d77bf22d329dc0d0b0924aa3ae0af763e3c0e23f,common_voice_vi_25258664.mp3,Cách thiết lập để có cuộc gọi chất lượng cao trong Google Hangouts,2,0,teens,female,,,vi,
bb99c0461bef56ce3ce86b249c3c08535a13f40084a6960c83cd1f6a122d3637d8d44b0aa4d0c5d0bf9eff39d77bf22d329dc0d0b0924aa3ae0af763e3c0e23f,common_voice_vi_25258713.mp3,Ai nghe xong cũng phải đều hồ hởi,2,0,teens,female,,,vi,
bb99c0461bef56ce3ce86b249c3c08535a13f40084a6960c83cd1f6a122d3637d8d44b0aa4d0c5d0bf9eff39d77bf22d329dc0d0b0924aa3ae0af763e3c0e23f,common_voice_vi_25258782.mp3,Biết này là thảo sợ bị Cắt xít,2,0,teens,female,,,vi,
bb99c0461bef56ce3ce86b249c3c08535a13f40084a6960c83cd1f6a122d3637d8d44b0aa4d0c5d0bf9eff39d77bf22d329dc0d0b0924aa3ae0af763e3c0e23f,common_voice_vi_25258801.mp3,Tin ba cái chuyện đẩu đâu,2,0,teens,female,,,vi,
bb99c0461bef56ce3ce86b249c3c08535a13f40084a6960c83cd1f6a122d3637d8d44b0aa4d0c5d0bf9eff39d77bf22d329dc0d0b0924aa3ae0af763e3c0e23f,common_voice_vi_25258901.mp3,Đến căn nhà sàn mà già làng chỉ,2,0,teens,female,,,vi,
bb99c0461bef56ce3ce86b249c3c08535a13f40084a6960c83cd1f6a122d3637d8d44b0aa4d0c5d0bf9eff39d77bf22d329dc0d0b0924aa3ae0af763e3c0e23f,common_voice_vi_25258980.mp3,Thì có khi bây giờ còn ở dưới đó với nó,2,0,teens,female,,,vi,
bb99c0461bef56ce3ce86b249c3c08535a13f40084a6960c83cd1f6a122d3637d8d44b0aa4d0c5d0bf9eff39d77bf22d329dc0d0b0924aa3ae0af763e3c0e23f,common_voice_vi_25259031.mp3,"Bàn tay tôi, xin em, em nắm lấy",2,0,teens,female,,,vi,
bb99c0461bef56ce3ce86b249c3c08535a13f40084a6960c83cd1f6a122d3637d8d44b0aa4d0c5d0bf9eff39d77bf22d329dc0d0b0924aa3ae0af763e3c0e23f,common_voice_vi_25259178.mp3,Chớ quên lời mẹ,2,0,teens,female,,,vi,
bb99c0461bef56ce3ce86b249c3c08535a13f40084a6960c83cd1f6a122d3637d8d44b0aa4d0c5d0bf9eff39d77bf22d329dc0d0b0924aa3ae0af763e3c0e23f,common_voice_vi_25259255.mp3,kẻ ngu ngốc,2,0,teens,female,,,vi,
bb99c0461bef56ce3ce86b249c3c08535a13f40084a6960c83cd1f6a122d3637d8d44b0aa4d0c5d0bf9eff39d77bf22d329dc0d0b0924aa3ae0af763e3c0e23f,common_voice_vi_25260338.mp3,Hà im lặng không đáp,2,0,teens,female,,,vi,
bb99c0461bef56ce3ce86b249c3c08535a13f40084a6960c83cd1f6a122d3637d8d44b0aa4d0c5d0bf9eff39d77bf22d329dc0d0b0924aa3ae0af763e3c0e23f,common_voice_vi_25260419.mp3,Trinh cười rồi đáp,2,1,teens,female,,,vi,
bb99c0461bef56ce3ce86b249c3c08535a13f40084a6960c83cd1f6a122d3637d8d44b0aa4d0c5d0bf9eff39d77bf22d329dc0d0b0924aa3ae0af763e3c0e23f,common_voice_vi_25260430.mp3,bà thảo liền nói,2,0,teens,female,,,vi,
bb99c0461bef56ce3ce86b249c3c08535a13f40084a6960c83cd1f6a122d3637d8d44b0aa4d0c5d0bf9eff39d77bf22d329dc0d0b0924aa3ae0af763e3c0e23f,common_voice_vi_25260486.mp3,Mang mang những bàn chân,2,0,teens,female,,,vi,
bb99c0461bef56ce3ce86b249c3c08535a13f40084a6960c83cd1f6a122d3637d8d44b0aa4d0c5d0bf9eff39d77bf22d329dc0d0b0924aa3ae0af763e3c0e23f,common_voice_vi_25260534.mp3,Đúng là chúng ta đã đi xem thầy rồi,2,0,teens,female,,,vi,
bb99c0461bef56ce3ce86b249c3c08535a13f40084a6960c83cd1f6a122d3637d8d44b0aa4d0c5d0bf9eff39d77bf22d329dc0d0b0924aa3ae0af763e3c0e23f,common_voice_vi_25260535.mp3,Vớ vẩn sao lại có những người như vậy chứ,2,0,teens,female,,,vi,
bb99c0461bef56ce3ce86b249c3c08535a13f40084a6960c83cd1f6a122d3637d8d44b0aa4d0c5d0bf9eff39d77bf22d329dc0d0b0924aa3ae0af763e3c0e23f,common_voice_vi_25260572.mp3,Anh ngỏ lời yêu em,2,0,teens,female,,,vi,
bb99c0461bef56ce3ce86b249c3c08535a13f40084a6960c83cd1f6a122d3637d8d44b0aa4d0c5d0bf9eff39d77bf22d329dc0d0b0924aa3ae0af763e3c0e23f,common_voice_vi_25260612.mp3,Gió đưa nhè nhẹ,2,0,teens,female,,,vi,
bb99c0461bef56ce3ce86b249c3c08535a13f40084a6960c83cd1f6a122d3637d8d44b0aa4d0c5d0bf9eff39d77bf22d329dc0d0b0924aa3ae0af763e3c0e23f,common_voice_vi_25260703.mp3,làm ơn hãy dừng lại,2,0,teens,female,,,vi,
bb99c0461bef56ce3ce86b249c3c08535a13f40084a6960c83cd1f6a122d3637d8d44b0aa4d0c5d0bf9eff39d77bf22d329dc0d0b0924aa3ae0af763e3c0e23f,common_voice_vi_25261042.mp3,Uống nước một lát được không ạ,2,0,teens,female,,,vi,
bb99c0461bef56ce3ce86b249c3c08535a13f40084a6960c83cd1f6a122d3637d8d44b0aa4d0c5d0bf9eff39d77bf22d329dc0d0b0924aa3ae0af763e3c0e23f,common_voice_vi_25261046.mp3,Lúc đó tôi mới biết họ là dân tộc Thái,2,0,teens,female,,,vi,
bb99c0461bef56ce3ce86b249c3c08535a13f40084a6960c83cd1f6a122d3637d8d44b0aa4d0c5d0bf9eff39d77bf22d329dc0d0b0924aa3ae0af763e3c0e23f,common_voice_vi_25261224.mp3,ánh mắt của quân luôn trốn tránh chinh một cách khó hiểu,2,0,teens,female,,,vi,
bb99c0461bef56ce3ce86b249c3c08535a13f40084a6960c83cd1f6a122d3637d8d44b0aa4d0c5d0bf9eff39d77bf22d329dc0d0b0924aa3ae0af763e3c0e23f,common_voice_vi_25261246.mp3,Hà ni cũng bình thản,2,0,teens,female,,,vi,
c29d07b14c1806169f49b175b3bc29a620bd2d4c2291a4f8ecbe7dfbaf53fb40f990ebe6617dd1c281d09718ffab9a69d2fb615d19ba084288ba13d134253426,common_voice_vi_25255184.mp3,tiếp tục là tiếng nói của Hạ,2,0,teens,female,,,vi,
c29d07b14c1806169f49b175b3bc29a620bd2d4c2291a4f8ecbe7dfbaf53fb40f990ebe6617dd1c281d09718ffab9a69d2fb615d19ba084288ba13d134253426,common_voice_vi_25255186.mp3,Cũng như mình trong những lúc vắng nhau,2,0,teens,female,,,vi,
c29d07b14c1806169f49b175b3bc29a620bd2d4c2291a4f8ecbe7dfbaf53fb40f990ebe6617dd1c281d09718ffab9a69d2fb615d19ba084288ba13d134253426,common_voice_vi_25255187.mp3,Tuấn lo lắng nhìn người yêu,2,0,teens,female,,,vi,
c29d07b14c1806169f49b175b3bc29a620bd2d4c2291a4f8ecbe7dfbaf53fb40f990ebe6617dd1c281d09718ffab9a69d2fb615d19ba084288ba13d134253426,common_voice_vi_25255188.mp3,Cô mong muốn bạn của mình chết và nó lập tức được thực hiện,2,0,teens,female,,,vi,
c29d07b14c1806169f49b175b3bc29a620bd2d4c2291a4f8ecbe7dfbaf53fb40f990ebe6617dd1c281d09718ffab9a69d2fb615d19ba084288ba13d134253426,common_voice_vi_25255189.mp3,Hay là thôi Anh đừng xuất hiện,2,0,teens,female,,,vi,
c29d07b14c1806169f49b175b3bc29a620bd2d4c2291a4f8ecbe7dfbaf53fb40f990ebe6617dd1c281d09718ffab9a69d2fb615d19ba084288ba13d134253426,common_voice_vi_25255192.mp3,Nét Trinh sợ Phương dạy sẽ kể lại,2,0,teens,female,,,vi,
c29d07b14c1806169f49b175b3bc29a620bd2d4c2291a4f8ecbe7dfbaf53fb40f990ebe6617dd1c281d09718ffab9a69d2fb615d19ba084288ba13d134253426,common_voice_vi_25255193.mp3,Nhưng là thân xác đã chết chứ linh hồn ta vẫn vậy,2,0,teens,female,,,vi,
c29d07b14c1806169f49b175b3bc29a620bd2d4c2291a4f8ecbe7dfbaf53fb40f990ebe6617dd1c281d09718ffab9a69d2fb615d19ba084288ba13d134253426,common_voice_vi_25255194.mp3,Chỉ cần cô chăm sóc cho nó thật tốt,2,0,teens,female,,,vi,
c29d07b14c1806169f49b175b3bc29a620bd2d4c2291a4f8ecbe7dfbaf53fb40f990ebe6617dd1c281d09718ffab9a69d2fb615d19ba084288ba13d134253426,common_voice_vi_25255196.mp3,Mẹ em liền nói,2,0,teens,female,,,vi,
c29d07b14c1806169f49b175b3bc29a620bd2d4c2291a4f8ecbe7dfbaf53fb40f990ebe6617dd1c281d09718ffab9a69d2fb615d19ba084288ba13d134253426,common_voice_vi_25255199.mp3,Nhà anh ta cũng khá rộng,2,0,teens,female,,,vi,
c29d07b14c1806169f49b175b3bc29a620bd2d4c2291a4f8ecbe7dfbaf53fb40f990ebe6617dd1c281d09718ffab9a69d2fb615d19ba084288ba13d134253426,common_voice_vi_25255203.mp3,Chinh sao đến tìm tôi sớm vậy,2,0,teens,female,,,vi,
c29d07b14c1806169f49b175b3bc29a620bd2d4c2291a4f8ecbe7dfbaf53fb40f990ebe6617dd1c281d09718ffab9a69d2fb615d19ba084288ba13d134253426,common_voice_vi_25255210.mp3,Làm gì thì làm,2,0,teens,female,,,vi,
c29d07b14c1806169f49b175b3bc29a620bd2d4c2291a4f8ecbe7dfbaf53fb40f990ebe6617dd1c281d09718ffab9a69d2fb615d19ba084288ba13d134253426,common_voice_vi_25255213.mp3,Nằm trên chiếc giường mà trinh quằn quại,2,0,teens,female,,,vi,
c29d07b14c1806169f49b175b3bc29a620bd2d4c2291a4f8ecbe7dfbaf53fb40f990ebe6617dd1c281d09718ffab9a69d2fb615d19ba084288ba13d134253426,common_voice_vi_25255215.mp3,Và mang tà niệm về sự thống trị và quyền lực,2,0,teens,female,,,vi,
c29d07b14c1806169f49b175b3bc29a620bd2d4c2291a4f8ecbe7dfbaf53fb40f990ebe6617dd1c281d09718ffab9a69d2fb615d19ba084288ba13d134253426,common_voice_vi_25255217.mp3,Nói cho dễ hiểu thì giống như là cô trồng một cái cây,2,0,teens,female,,,vi,
c29d07b14c1806169f49b175b3bc29a620bd2d4c2291a4f8ecbe7dfbaf53fb40f990ebe6617dd1c281d09718ffab9a69d2fb615d19ba084288ba13d134253426,common_voice_vi_25255218.mp3,Người đi dựng những mái lều đơn sơ để kiếm chỗ nghỉ ngơi,2,0,teens,female,,,vi,
c29d07b14c1806169f49b175b3bc29a620bd2d4c2291a4f8ecbe7dfbaf53fb40f990ebe6617dd1c281d09718ffab9a69d2fb615d19ba084288ba13d134253426,common_voice_vi_25255225.mp3,Thông thường linh hồn sau khi chết sẽ được siêu thoát,2,0,teens,female,,,vi,
c29d07b14c1806169f49b175b3bc29a620bd2d4c2291a4f8ecbe7dfbaf53fb40f990ebe6617dd1c281d09718ffab9a69d2fb615d19ba084288ba13d134253426,common_voice_vi_25255228.mp3,Nói lời yêu thương,2,0,teens,female,,,vi,
c29d07b14c1806169f49b175b3bc29a620bd2d4c2291a4f8ecbe7dfbaf53fb40f990ebe6617dd1c281d09718ffab9a69d2fb615d19ba084288ba13d134253426,common_voice_vi_25255231.mp3,Kuman càng nuôi lâu,2,0,teens,female,,,vi,
c29d07b14c1806169f49b175b3bc29a620bd2d4c2291a4f8ecbe7dfbaf53fb40f990ebe6617dd1c281d09718ffab9a69d2fb615d19ba084288ba13d134253426,common_voice_vi_25255234.mp3,Tôi Kể tóm tắt cho nghe,2,0,teens,female,,,vi,
c29d07b14c1806169f49b175b3bc29a620bd2d4c2291a4f8ecbe7dfbaf53fb40f990ebe6617dd1c281d09718ffab9a69d2fb615d19ba084288ba13d134253426,common_voice_vi_25255237.mp3,"ờ con vất đi đi, mẹ con cứ nghe linh tinh",2,0,teens,female,,,vi,
c29d07b14c1806169f49b175b3bc29a620bd2d4c2291a4f8ecbe7dfbaf53fb40f990ebe6617dd1c281d09718ffab9a69d2fb615d19ba084288ba13d134253426,common_voice_vi_25255238.mp3,Trong giấc mơ của a hội,2,0,teens,female,,,vi,
c29d07b14c1806169f49b175b3bc29a620bd2d4c2291a4f8ecbe7dfbaf53fb40f990ebe6617dd1c281d09718ffab9a69d2fb615d19ba084288ba13d134253426,common_voice_vi_25255239.mp3,toát mồ hôi hột căng thẳng,2,0,teens,female,,,vi,
c29d07b14c1806169f49b175b3bc29a620bd2d4c2291a4f8ecbe7dfbaf53fb40f990ebe6617dd1c281d09718ffab9a69d2fb615d19ba084288ba13d134253426,common_voice_vi_25255240.mp3,Anh Ta nói xong liền trả tiền cà phê và bước ra bên ngoài,2,0,teens,female,,,vi,
c29d07b14c1806169f49b175b3bc29a620bd2d4c2291a4f8ecbe7dfbaf53fb40f990ebe6617dd1c281d09718ffab9a69d2fb615d19ba084288ba13d134253426,common_voice_vi_25255241.mp3,Để hỏi thăm tình hình con bé dưới đó ra sao,2,0,teens,female,,,vi,
c29d07b14c1806169f49b175b3bc29a620bd2d4c2291a4f8ecbe7dfbaf53fb40f990ebe6617dd1c281d09718ffab9a69d2fb615d19ba084288ba13d134253426,common_voice_vi_25255245.mp3,Nhặt cánh hoa rơi chẳng thấy buồn,2,0,teens,female,,,vi,
c29d07b14c1806169f49b175b3bc29a620bd2d4c2291a4f8ecbe7dfbaf53fb40f990ebe6617dd1c281d09718ffab9a69d2fb615d19ba084288ba13d134253426,common_voice_vi_25255253.mp3,mày tránh tao ra đi tao sợ lắm thảo ơi,2,0,teens,female,,,vi,
c29d07b14c1806169f49b175b3bc29a620bd2d4c2291a4f8ecbe7dfbaf53fb40f990ebe6617dd1c281d09718ffab9a69d2fb615d19ba084288ba13d134253426,common_voice_vi_25255255.mp3,kiểu chết bất đắc kì tử này thì kinh lắm,2,0,teens,female,,,vi,
c29d07b14c1806169f49b175b3bc29a620bd2d4c2291a4f8ecbe7dfbaf53fb40f990ebe6617dd1c281d09718ffab9a69d2fb615d19ba084288ba13d134253426,common_voice_vi_25255257.mp3,Nếu như không gặp Trinh,2,0,teens,female,,,vi,
c29d07b14c1806169f49b175b3bc29a620bd2d4c2291a4f8ecbe7dfbaf53fb40f990ebe6617dd1c281d09718ffab9a69d2fb615d19ba084288ba13d134253426,common_voice_vi_25255258.mp3,Đã vậy lại còn lôi kéo cả hàng xóm vào nữa,2,0,teens,female,,,vi,
c29d07b14c1806169f49b175b3bc29a620bd2d4c2291a4f8ecbe7dfbaf53fb40f990ebe6617dd1c281d09718ffab9a69d2fb615d19ba084288ba13d134253426,common_voice_vi_25255259.mp3,Kumanthong của cô có thể cầu cả tình duyên được nữa,2,0,teens,female,,,vi,
c29d07b14c1806169f49b175b3bc29a620bd2d4c2291a4f8ecbe7dfbaf53fb40f990ebe6617dd1c281d09718ffab9a69d2fb615d19ba084288ba13d134253426,common_voice_vi_25255260.mp3,"Tôi đến mở cửa, lễ phép chào ông",2,0,teens,female,,,vi,
c29d07b14c1806169f49b175b3bc29a620bd2d4c2291a4f8ecbe7dfbaf53fb40f990ebe6617dd1c281d09718ffab9a69d2fb615d19ba084288ba13d134253426,common_voice_vi_25255263.mp3,Đôi chân của em như bị ai đó giữ chặt,2,0,teens,female,,,vi,
c29d07b14c1806169f49b175b3bc29a620bd2d4c2291a4f8ecbe7dfbaf53fb40f990ebe6617dd1c281d09718ffab9a69d2fb615d19ba084288ba13d134253426,common_voice_vi_25255264.mp3,chinh ấp úng nói,2,0,teens,female,,,vi,
c29d07b14c1806169f49b175b3bc29a620bd2d4c2291a4f8ecbe7dfbaf53fb40f990ebe6617dd1c281d09718ffab9a69d2fb615d19ba084288ba13d134253426,common_voice_vi_25255266.mp3,Sóng biển dập dờn,2,0,teens,female,,,vi,
c29d07b14c1806169f49b175b3bc29a620bd2d4c2291a4f8ecbe7dfbaf53fb40f990ebe6617dd1c281d09718ffab9a69d2fb615d19ba084288ba13d134253426,common_voice_vi_25255268.mp3,Cỏ uống sương rơi,2,0,teens,female,,,vi,
c29d07b14c1806169f49b175b3bc29a620bd2d4c2291a4f8ecbe7dfbaf53fb40f990ebe6617dd1c281d09718ffab9a69d2fb615d19ba084288ba13d134253426,common_voice_vi_25255269.mp3,em nói bác cứ không tin chứ con vợ em kìa,2,0,teens,female,,,vi,
c29d07b14c1806169f49b175b3bc29a620bd2d4c2291a4f8ecbe7dfbaf53fb40f990ebe6617dd1c281d09718ffab9a69d2fb615d19ba084288ba13d134253426,common_voice_vi_25255272.mp3,với cầu việc thi cử của em cho thuận lợi,2,0,teens,female,,,vi,
c29d07b14c1806169f49b175b3bc29a620bd2d4c2291a4f8ecbe7dfbaf53fb40f990ebe6617dd1c281d09718ffab9a69d2fb615d19ba084288ba13d134253426,common_voice_vi_25255273.mp3,bà ấylắc đầu nói,2,0,teens,female,,,vi,
c29d07b14c1806169f49b175b3bc29a620bd2d4c2291a4f8ecbe7dfbaf53fb40f990ebe6617dd1c281d09718ffab9a69d2fb615d19ba084288ba13d134253426,common_voice_vi_25255275.mp3,Hay tiểng gió em làm quà cũng được...,2,0,teens,female,,,vi,
c29d07b14c1806169f49b175b3bc29a620bd2d4c2291a4f8ecbe7dfbaf53fb40f990ebe6617dd1c281d09718ffab9a69d2fb615d19ba084288ba13d134253426,common_voice_vi_25255280.mp3,Chuyện của bà nói bao nhiêu phần trăm chúng tôi có thể tin được,2,0,teens,female,,,vi,
c29d07b14c1806169f49b175b3bc29a620bd2d4c2291a4f8ecbe7dfbaf53fb40f990ebe6617dd1c281d09718ffab9a69d2fb615d19ba084288ba13d134253426,common_voice_vi_25255283.mp3,Thích ơi là thích,2,0,teens,female,,,vi,
c29d07b14c1806169f49b175b3bc29a620bd2d4c2291a4f8ecbe7dfbaf53fb40f990ebe6617dd1c281d09718ffab9a69d2fb615d19ba084288ba13d134253426,common_voice_vi_25255289.mp3,Ai bị con quỷ sai khiến thì đáng sợ lắm,2,0,teens,female,,,vi,
c29d07b14c1806169f49b175b3bc29a620bd2d4c2291a4f8ecbe7dfbaf53fb40f990ebe6617dd1c281d09718ffab9a69d2fb615d19ba084288ba13d134253426,common_voice_vi_25255291.mp3,tuy nhiên chinh lại tận tình chu đáo cho mọi việc đám ma,2,0,teens,female,,,vi,
c29d07b14c1806169f49b175b3bc29a620bd2d4c2291a4f8ecbe7dfbaf53fb40f990ebe6617dd1c281d09718ffab9a69d2fb615d19ba084288ba13d134253426,common_voice_vi_25255293.mp3,Ở một mình có nhà thế này thì sướng quá rồi còn gì,2,0,teens,female,,,vi,
c29d07b14c1806169f49b175b3bc29a620bd2d4c2291a4f8ecbe7dfbaf53fb40f990ebe6617dd1c281d09718ffab9a69d2fb615d19ba084288ba13d134253426,common_voice_vi_25261705.mp3,Em giật mình thưa,2,0,teens,female,,,vi,
c29d07b14c1806169f49b175b3bc29a620bd2d4c2291a4f8ecbe7dfbaf53fb40f990ebe6617dd1c281d09718ffab9a69d2fb615d19ba084288ba13d134253426,common_voice_vi_25261744.mp3,từ nay mày đừng gọi tao nữa,2,0,teens,female,,,vi,
c29d07b14c1806169f49b175b3bc29a620bd2d4c2291a4f8ecbe7dfbaf53fb40f990ebe6617dd1c281d09718ffab9a69d2fb615d19ba084288ba13d134253426,common_voice_vi_25261854.mp3,Hay làm nghề rừng Như Hầu hết thanh niên xứ này,2,0,teens,female,,,vi,
c29d07b14c1806169f49b175b3bc29a620bd2d4c2291a4f8ecbe7dfbaf53fb40f990ebe6617dd1c281d09718ffab9a69d2fb615d19ba084288ba13d134253426,common_voice_vi_25262264.mp3,Cô Hà Ni,2,0,teens,female,,,vi,
c29d07b14c1806169f49b175b3bc29a620bd2d4c2291a4f8ecbe7dfbaf53fb40f990ebe6617dd1c281d09718ffab9a69d2fb615d19ba084288ba13d134253426,common_voice_vi_25262295.mp3,Chinh không thể kiềm chế được cảm xúc,2,0,teens,female,,,vi,
c29d07b14c1806169f49b175b3bc29a620bd2d4c2291a4f8ecbe7dfbaf53fb40f990ebe6617dd1c281d09718ffab9a69d2fb615d19ba084288ba13d134253426,common_voice_vi_25274492.mp3,Sư trụ trì khẽ dừng tay niệm,2,0,teens,female,,,vi,
c29d07b14c1806169f49b175b3bc29a620bd2d4c2291a4f8ecbe7dfbaf53fb40f990ebe6617dd1c281d09718ffab9a69d2fb615d19ba084288ba13d134253426,common_voice_vi_25274548.mp3,Như một cái xác không hồn,2,0,teens,female,,,vi,
c29d07b14c1806169f49b175b3bc29a620bd2d4c2291a4f8ecbe7dfbaf53fb40f990ebe6617dd1c281d09718ffab9a69d2fb615d19ba084288ba13d134253426,common_voice_vi_25275767.mp3,Chứ không phải là Hà Ni,2,0,teens,female,,,vi,
c29d07b14c1806169f49b175b3bc29a620bd2d4c2291a4f8ecbe7dfbaf53fb40f990ebe6617dd1c281d09718ffab9a69d2fb615d19ba084288ba13d134253426,common_voice_vi_25275909.mp3,tôi tính là không quay lại,2,0,teens,female,,,vi,
c29d07b14c1806169f49b175b3bc29a620bd2d4c2291a4f8ecbe7dfbaf53fb40f990ebe6617dd1c281d09718ffab9a69d2fb615d19ba084288ba13d134253426,common_voice_vi_25275953.mp3,hình ảnh của ông được nhiều người dân,2,0,teens,female,,,vi,
c29d07b14c1806169f49b175b3bc29a620bd2d4c2291a4f8ecbe7dfbaf53fb40f990ebe6617dd1c281d09718ffab9a69d2fb615d19ba084288ba13d134253426,common_voice_vi_25275988.mp3,em liền gào lên,2,0,teens,female,,,vi,
