file_name,cdn_link,number
CCv2_part_1.zip,https://scontent.xx.fbcdn.net/m1/v/t6/An8fAvLhCU3x6bxSyo_RqPI9mv7ALG_Vzvlf36D1etRB868uG-vxmq3NRLnT4-Hxb-lQwwPsVKh2g774Sg5hf-JvahfRI06vlzDSLlLJsicqqOYPIF25kQ.zip?ccb=10-5&oh=00_AfA5Ha3xewBVJK6hKnD44QlGxSy73gGotXbXEe9hl4-6Pg&oe=65618AF6&_nc_sid=b854c9,1
CCv2_part_2.zip,https://scontent.xx.fbcdn.net/m1/v/t6/An9rcE8MCsaPgis2UlkfgBtT2gPIFr2QhhdMMKWr703jzzTgG8HS0W1lD87Gwawv1N7A4NALCu1E_sTSxWDt5hz0RAPO3zKWEgMLHkdhwg2qFERsUYydGA.zip?ccb=10-5&oh=00_AfASsNjdgRPensYEJ58-vehXX0y4TwLMf7ETvSHPPdw6Qw&oe=656180D7&_nc_sid=b854c9,2
CCv2_part_3.zip,https://scontent.xx.fbcdn.net/m1/v/t6/An_O0S2uxJtrGOBLJNkI23JYl7Iu-d-ghPqYSeAU3vp_chNe664fXcV-iOvdhJNWBAtLq-ZmrC1RBEG77Q9_geIzyZjvzuyuLyKW81oyVWwTGv88utz71g.zip?ccb=10-5&oh=00_AfAmBOi6Zt-6DmcnWgL4EL3HQViq_ZiWwM1-ivHgcGLy2A&oe=656179EA&_nc_sid=b854c9,3
CCv2_part_4.zip,https://scontent.xx.fbcdn.net/m1/v/t6/An8LcpkUo5SiJwli1SXtbQEwZcuxRXDXNXg9Oqz4dp22EkShFotrRtMHY-8hu4wtTatejg8-zIHIrrmSfiZ_DCVdYzlN2eeAunBH-lS2rkqvmZqJEj0pkw.zip?ccb=10-5&oh=00_AfDNqUv5zsPe4vFooNpG_5IoN8onJW8kob-qj2tRodjohA&oe=65618178&_nc_sid=b854c9,4
CCv2_part_5.zip,https://scontent.xx.fbcdn.net/m1/v/t6/An9-uJGoyPNAU1dJpvu90DBJNvs56vhMLxtBrygId85ENTXdDlAPdLSThSFswcLF9rvQUot2M-4WualXXQTAYUOtjy90BZli5Lv6VFQ_AExZtxGXP8DAYg.zip?ccb=10-5&oh=00_AfDJ-e7X-hulnF8Bfvt1JCYWszqbwP4qk9cwSHUJ6h6kWg&oe=6561966A&_nc_sid=b854c9,5
CCv2_part_6.zip,https://scontent.xx.fbcdn.net/m1/v/t6/An-nQJSBg_BV_uaKUj-s3uO0jPKf8YadnGYbHhGTrNz-CrXNavQMmlnzvxhxvORv2hAXEAtsOKIpR8CnWCAt1arpxb8h1nqkeEADbhjY2gkVxpAdAvyWPA.zip?ccb=10-5&oh=00_AfAsVIoKGSTGwJdlLCVM3qxa4Q5FJbqkK0G3DK33VQ_jhg&oe=65618007&_nc_sid=b854c9,6
CCv2_part_7.zip,https://scontent.xx.fbcdn.net/m1/v/t6/An_r_80dI1pkrFpK0lVmjfU-mZSOb8S-ZH-GGHl6MR-yT5_O7osJYW7bQkMN44qD_MULCf5OoXpIU8CXBgGe3X89BqXwxSnqqS2xcnPx_Y2OUCpCCfEmww.zip?ccb=10-5&oh=00_AfA8rSLfPdH683Isl4UOpcOm5AfhzGdhaCUvRF7ouqYqoQ&oe=65617F21&_nc_sid=b854c9,7
CCv2_part_8.zip,https://scontent.xx.fbcdn.net/m1/v/t6/An-ojUdUjdo7mqsHlUFsPmzCEb8om5pqZn_6jcZtM3a1t5xLPHiAqqlhKHZWwHmMBxA0XpbiP8hb7V3lbEl6_e3QNZbikEhBmL18quWQNWq1y7CiJ9VVtQ.zip?ccb=10-5&oh=00_AfAZ2LPaDwhZyUquyXtsBKbHob-r9yyRUIPSnOWUHHyfog&oe=65616D52&_nc_sid=b854c9,8
CCv2_part_9.zip,https://scontent.xx.fbcdn.net/m1/v/t6/An_9a7r59Te5yajTWAU7XFwJ4upyBK1QXxRIxu7cdM71_jvx50uvuBNp4Bwb_KGL9KEZpbqrtftL5ULLY8CgYmTdXyCxHiyiDdc96AJRsH5cN_RSkHG2uQ.zip?ccb=10-5&oh=00_AfAec_Gs_gb4avCk-ajeYj6ITdUI_E9USVhSrU8jY8YW7A&oe=6561855D&_nc_sid=b854c9,9
CCv2_part_10.zip,https://scontent.xx.fbcdn.net/m1/v/t6/An8R4hmZoPcko7RBZ6B4o_wbbET6BhfUFNSHP11c3rW_-eGZCN1TRkAnS647s2kJiRrP_BOH8nVab0bzavj9v5Rc-O9VdYqFRy28hn1NoN0tqIPXpuq5r4o.zip?ccb=10-5&oh=00_AfDte_DXcqe_1aTxNTxSa_dFj5bH21cQa2MBafBE_8-KKA&oe=6561992E&_nc_sid=b854c9,10
CCv2_part_11.zip,https://scontent.xx.fbcdn.net/m1/v/t6/An8mbpoagMd2Rgejph94cVG4igMgIbPaaZRXlWQi4__mhejqvJYfaqbg4WFU9feo4Qn4SOXhlQ3U_Bc2LCGeLLzPORchWHlB8SptSh1pQGuhaoaQ-s3650Q.zip?ccb=10-5&oh=00_AfB1DtuorfhqYBr2E6ZzMPRM424kDWnZOUxJQA9b6yQhXw&oe=656178F1&_nc_sid=b854c9,11
CCv2_part_12.zip,https://scontent.xx.fbcdn.net/m1/v/t6/An-yhcpZt-DyfKTUb6RJhito4TSo2yqkm1QGvKnWswS43cNOySUic5-Zwo0H9tD-ozO_Pm1eRqpe6rsNXpXTgWJYlffHUrVJFCbyUGoDAmrzJYYr-ULP6Zc.zip?ccb=10-5&oh=00_AfCTWzBN_IWZIDwemVHYyO-ugPAxgQ8s1iXB2C5-o1DhYQ&oe=65619AF1&_nc_sid=b854c9,12
CCv2_part_13.zip,https://scontent.xx.fbcdn.net/m1/v/t6/An_GVP4kWwYxWBh9KqcU-Hym7WzCRZAg_G98wa1J6dnSltRo5WpiR-8wm-nDxAFzN9hS61LW-OAdELsxgHnvnLLqF6t8XdYZSC3ogOwBTXb0fqb11bzOMfg.zip?ccb=10-5&oh=00_AfDtM6UIdQrHLqjjmlgqrEp2Gje0-Uud0sgZqumhQ2pnxw&oe=65616736&_nc_sid=b854c9,13
CCv2_part_14.zip,https://scontent.xx.fbcdn.net/m1/v/t6/An9hgm5wkiWoYRF_L33RdJMLf8iojV8IntvnLjIajn5vMOpZZyWTTOhuwye8utL7zqxJmLHD8uIISMuz2DqWUbbTWpvBIF5Mh1iXbaHXzD3WucPty8F3gMg.zip?ccb=10-5&oh=00_AfBDUXy8MkacbiXJLuKzP1Qquygbzalylxqo94CrTtAgoA&oe=65619A34&_nc_sid=b854c9,14
CCv2_part_15.zip,https://scontent.xx.fbcdn.net/m1/v/t6/An-SV5Zn3GwzYZHU5xDGRXHh1nnFxbUuoBy_88KcpnwXP71h41u2Fm8Uh5_4lFF8FqCGf4hSphH82W9Zdkkm11ktzpxjr4oG5fW5HT2WdkqPrHSoKIwr80I.zip?ccb=10-5&oh=00_AfD_3vp-9fhONW02kgALBZZsr0USgrmxcGIl9RdTg9lrSw&oe=65617935&_nc_sid=b854c9,15
CCv2_part_16.zip,https://scontent.xx.fbcdn.net/m1/v/t6/An_EMpIrmWcdr6CTX7MztkSfykJ_Wjq29Wo1vzFJuQp57ckCPPfP_CqTuM3-kqlkfjXiRaoA5tvnVp0BK-RsneiEm4LaPgvS7VXSc_khSRt47Tw1SKn497Q.zip?ccb=10-5&oh=00_AfDgTlMRIZWlvmoa_IAGNsU22ypMMKXzI3B7EYr8SEXC0w&oe=65618D4E&_nc_sid=b854c9,16
CCv2_part_17.zip,https://scontent.xx.fbcdn.net/m1/v/t6/An9B1Yb499YpWWkxK2OuxOPejKC7Dk_rmy3R8ku19qSA9i4hLjG39VI_QXCC-h5gXwMCpqk6I4eoMoV2UK7jiAwfL8UR-u3ytV_nrVR81PcsQqonVLnSle0.zip?ccb=10-5&oh=00_AfCeg_XAAREKCA2oBFWvHQJU3gfXg4gRmqINj-pvqY0l_w&oe=656163DA&_nc_sid=b854c9,17
CCv2_part_18.zip,https://scontent.xx.fbcdn.net/m1/v/t6/An_mgWtu_D8VwpD4LvqeDp3H7VpJOLd0iPeofZ20EZKNnKiw1jAUqrU-lfVoW4DpP_JT45kvad8eb79r31nQdyEEiGq9cBf0lSv3tEnvD1VF4eYoYPeWgLc.zip?ccb=10-5&oh=00_AfDbp3QdCImRRtBgoh1R2WqV8R1octAv3GW4flGrXLp2vw&oe=65617096&_nc_sid=b854c9,18
CCv2_part_19.zip,https://scontent.xx.fbcdn.net/m1/v/t6/An9LTCR8YZVlmPBMDu3zOX9ZA4hF_YyUQfdSF3SePE0gPmbK_79XIRsCiJzKRVL8dNmGXHZuYaS08QJ11pZ-Z9k8mov2cXc5glCQePOqqZ2muNRbiFaLyAI.zip?ccb=10-5&oh=00_AfD1FDzj_wC_9ljcU-Mh5dhfNNNB9aXrVufOlj80-NowqQ&oe=65617CB0&_nc_sid=b854c9,19
CCv2_part_20.zip,https://scontent.xx.fbcdn.net/m1/v/t6/An-57XszRdyCuSdGknfxzQMVSXd8ZwbtbLAjr-nIJbcnBJ-G4bDsWNWoLmmfoeTkEMEIkWhbBARgOe-Krmm5dh12n8YyYqbK5YOXFxvvc4LN4Pk6l2T_mcg.zip?ccb=10-5&oh=00_AfANc1WIENzOH5XYfhu9fsLpnh7cxDfOEiyXGUy84L-w9g&oe=65618381&_nc_sid=b854c9,20
